{"cameraMode":{"drawMode":0,"name":"Shaded","section":"Shading Mode"},"sceneLighting":true,"audioPlay":false,"sceneViewState":{"m_AlwaysRefresh":false,"showFog":true,"showSkybox":true,"showFlares":true,"showImageEffects":true,"showParticleSystems":true,"showVisualEffectGraphs":true,"m_FxEnabled":true},"in2DMode":false,"pivot":{"x":-210.84747314453126,"y":0.21215283870697022,"z":40.82949447631836},"rotation":{"x":-0.024925580248236657,"y":0.7366942167282105,"z":-0.027194125577807428,"w":-0.6752241849899292},"size":13.373401641845704,"orthographic":false}